[
    {
      "id": "615a0077b8f18288b0afa866",
      "img": "https://github.com/AuthoredByTonmoy/DevMentors/blob/main/react.png?raw=true",
      "title": "React JS",
      "fees": 118,
      "description": "Our React Js Course is one of the best course. Instructed by internationa quality level teachers."
    },
    {
      "id": "615a0077f741807c11b51484",
      "img": "https://github.com/AuthoredByTonmoy/DevMentors/blob/main/node.png?raw=true",
      "title": "Node Js",
      "fees": 84,
      "description": "Our Node Js Course is one of the best course. Instructed by internationa quality level teachers."
    },
    {
      "id": "615a00772af243f1bca027f4",
      "img": "https://github.com/AuthoredByTonmoy/DevMentors/blob/main/database.png?raw=true",
      "title": "Database",
      "fees": 203,
      "description": "Our Database Course is one of the best course. Instructed by internationa quality level teachers."
    },
    {
      "id": "615a0077971b9dfa32a049d0",
      "img": "https://github.com/AuthoredByTonmoy/DevMentors/blob/main/javascript.jpg?raw=true",
      "title": "Javascript",
      "fees": 117,
      "description": "Our Javascript Course is one of the best course. Instructed by internationa quality level teachers."
    }
  ]